{"cameraMode":{"drawMode":0,"name":"Shaded","section":"Shading Mode"},"sceneLighting":true,"audioPlay":false,"sceneViewState":{"m_AlwaysRefresh":false,"showFog":true,"showSkybox":true,"showFlares":true,"showImageEffects":true,"showParticleSystems":true,"showVisualEffectGraphs":true,"m_FxEnabled":true},"in2DMode":false,"pivot":{"x":227.04763793945313,"y":-40.003211975097659,"z":184.16590881347657},"rotation":{"x":0.23624397814273835,"y":0.004372605588287115,"z":-0.0010631597833707929,"w":0.9716862440109253},"size":131.92742919921876,"orthographic":false}